11.0092380947323,-0.350894798559808,-0.0207890307024894,-1.22018175325374,-1.71890147539071,-0.0631430317522605,-2.34516477970052,-0.405879356645905,-0.0708781210607552,-0.0105148997893237,-0.00396396922530287,-0.282458016692916,-0.0122767908455214,-0.00478616081012332,-0.00116613315109497,-0.00117777131656314,-0.00407219848802202,-0.00892205239163234,-0.000421994678274746,-0.00163874355536931,0,0,0,-0.000139152525496823,0,0,0,0,-6.88616665662424E-05,-2.88380429519262E-05,0,0,0,-0.290707150620942,-0.00094750884586046,-0.707909904777606,-3.26454989201977,-0.00680763938668138,-0.201693598804768,-0.000224907561745679,-0.00567690934109908,0,0,0,0,0,0,-4.46277136545946E-05,0,0,0,0,-0.000444597869758953,0,0,0,0,0,0,0,0,0,0,0,0,0,0,0,0,0,0,0,0,0,0,0,-0.00259333435406886,0,-3.66784081282787E-05,-0.000133414782858854,0,0,0
-0.350894798559808,1.49612182196282,0,-0.00329733553346325,-0.535691282692871,-0.0253934427729222,-0.530425575423564,-0.00440602600527162,-0.0154565700925083,-0.00212914308910153,-0.00072462546904013,-0.000740811370336591,-0.000223689228810344,-0.000125014938533823,0,-0.000197654071687379,-0.000716828934037352,-0.0013812920134352,-0.00020759116332874,-0.000450883466548945,0,0,0,-0.000153113259855302,0,0,0,0,0,0,0,0,0,-0.0109140928092926,-2.29240037139034E-05,-0.000797857520413881,-0.0115249331514464,-7.29011820761419E-05,-9.46539553681469E-05,-7.87812553830437E-05,0,0,0,0,0,0,0,0,0,0,0,0,0,0,0,0,0,0,0,0,0,0,0,0,0,0,0,0,0,0,0,0,0,0,0,0,0,0,0,0,0,0,0
-0.0207890307024894,0,0.11119618784024,-0.0595862965974173,-0.000756911450748452,-0.000159731755537051,-0.0116175579450175,-0.0129681108712174,-4.0753769535499E-05,-8.99777019065187E-05,0,-0.000725369828481696,0,0,0,0,0,0,0,0,0,0,0,0,0,0,0,0,0,0,0,0,0,0,0,-0.00127854356204595,-0.00305506331066439,0,-0.000128840345178537,0,0,0,0,0,0,0,0,0,0,0,0,0,0,0,0,0,0,0,0,0,0,0,0,0,0,0,0,0,0,0,0,0,0,0,0,0,0,0,0,0,0,0,0
-1.22018175325374,-0.00329733553346325,-0.0595862965974173,5.12249169839213,-0.102309533553521,-0.00350121085379215,-1.4401363855254,-0.292097262096501,-0.00587835634182149,-0.00121103606259887,-0.00110158171763317,-0.129017703721881,-0.0203582924788967,-0.00956905113819984,-0.00229226517341958,-9.24236305457848E-05,-0.000100139335572872,-0.000634896509610376,-1.92411178065061E-05,-0.00120685030134904,0,0,0,0,0,0,0,0,-2.16152764985815E-05,0,-2.47617827968341E-05,0,0,-0.015807871387349,-0.000626613653910867,-0.755741112363628,-0.917815902446499,-0.00161105175828852,-0.134734644356596,-0.000674092386648079,-0.000167672668618863,0,0,0,0,0,0,0,0,0,0,0,-0.000671012190885651,0,0,-1.59471472761689E-05,0,0,0,0,0,0,0,0,0,0,0,0,0,0,0,0,0,0,0,-4.33102855517099E-05,-0.000930372015554393,0,0,-0.000447600924509153,0,0,-0.000566502804351183
-1.71890147539071,-0.535691282692871,-0.000756911450748452,-0.102309533553521,7.4340245122237,-0.846089769285969,-3.02715001989725,-0.277265122135106,-0.0564678845801191,-0.0345041493170347,-0.000439234295730565,-0.277278917503571,-0.0728057053019642,-0.000829631403875694,-0.000364063822177839,-0.00466019289307258,-0.017488983097458,-0.0058376438920145,-0.00291104674322162,-0.00254269245197057,0,-0.000126853781984945,-0.00025011123699492,-0.00295477505487818,-7.48455209250901E-05,-3.44955001885231E-05,0,0,0,0,-2.91242886180582E-05,0,0,-0.0950358285624031,-0.000268057460637015,-0.137017547298609,-0.204329713808038,-0.0017038719763539,-0.00476436275995245,-0.000788452869127876,0,0,0,0,0,-7.70908911172342E-05,-6.48774665039558E-05,-0.000111609730033218,0,0,0,0,-0.000305797039440449,-4.60278111200482E-05,0,0,0,0,0,0,0,0,0,0,0,0,0,0,0,0,0,0,0,0,-3.7025517095873E-05,0,-0.00167840136073209,-3.1382580565703E-05,0,0,0,0,0
-0.0631430317522605,-0.0253934427729222,-0.000159731755537051,-0.00350121085379215,-0.846089769285969,7.22990441169024,-1.09361138985044,-0.65562364353194,-0.361150851802327,-0.514627391034083,-0.00341284734430085,-0.0529227312987133,-0.251578232251252,-0.00924259802278909,-0.00224820916746488,-0.0948568746706855,-0.134474753600991,-0.0302038714762152,-0.0253836365867372,-0.0156299706586631,0,-0.000348847126173148,-0.00103387430073467,-0.00943339909277561,-0.00110560502232346,-0.000219497804969435,0,0,-0.000130277100357097,0,-0.000794471671944365,-3.18078153470121E-05,-0.000395334632208398,-0.635454926090097,-0.00967699743971748,-0.640161949184577,-1.61449166448686,-0.117398047252624,-0.000838222325157091,-0.0113235810274319,-0.00149609216683317,0,0,0,0,0,0,-3.28769858106708E-05,0,-7.38364087833567E-05,0,0,0,-0.000428750792331835,0,0,0,0,0,0,0,0,0,0,0,0,0,0,0,0,0,0,0,0,0,-9.48381054172371E-05,-0.00168532714068677,0,0,0,0,0,0
-2.34516477970052,-0.530425575423564,-0.0116175579450175,-1.4401363855254,-3.02715001989725,-1.09361138985044,21.2278466093948,-4.75017460820619,-1.78969578313942,-0.146602191440347,-0.0555030159833171,-0.666796572018601,-0.435261641181118,-0.025066153515629,-0.00080224366181173,-0.0150156081890426,-0.030324727442034,-0.0754608900568965,-0.00916537575640928,-0.0293904348311654,-4.73747301013146E-05,-0.000392218867324254,-0.000454565540307832,-0.00178173477897881,0,-4.1806196546215E-05,0,0,-0.000156395371213305,0,-1.92096319119809E-05,0,-3.48281649653901E-05,-0.674684336546997,-0.00216196208059044,-1.30083809892119,-2.73591043643814,-0.016487867889032,-0.0106193655700515,-0.000708763137831144,-7.62002964629906E-05,0,0,0,0,0,-2.86270494973512E-05,-2.89804726244793E-05,0,-0.000164569377405201,0,0,-0.000620784743486802,-0.00112206609220793,0,0,0,0,0,0,-1.95944747876907E-05,0,0,0,0,0,0,0,0,0,0,0,0,0,0,-8.09454480954099E-05,-0.00386993321854634,0,0,-0.000108676740353531,-2.23138519724651E-05,0,0
-0.405879356645905,-0.00440602600527162,-0.0129681108712174,-0.292097262096501,-0.277265122135106,-0.65562364353194,-4.75017460820619,18.593026772517,-3.08068879530346,-2.05327544754961,-2.04604384039082,-0.332917107610996,-0.884748457216825,-0.732444706288552,-0.0103827468760736,-0.218227635832821,-0.022577916560059,-0.281816261650863,-0.0025814442023373,-0.0805484089708421,0,0,0,-5.58857029400305E-05,0,0,0,0,-2.21037436022146E-05,0,-2.57392380268514E-05,0,0,-0.187861838650446,-0.0124087428398232,-1.28610318464117,-0.911599147993557,-0.0453683801298191,-0.00164259146643286,-0.00207931884947933,-0.000173744492134088,0,0,0,0,0,0,0,0,0,0,0,-0.000192046705873853,-0.000104123447113325,0,-1.9995051365086E-05,0,0,0,0,0,0,0,0,0,0,0,0,0,0,0,0,0,0,-3.70255215514331E-05,-3.79840938506459E-05,-0.000628022004442188,0,0,0,0,0,0
-0.0708781210607552,-0.0154565700925083,-4.0753769535499E-05,-0.00587835634182149,-0.0564678845801191,-0.361150851802327,-1.78969578313942,-3.08068879530346,15.8682071061681,-2.97941059538553,-0.17757645222628,-0.0213802228922199,-0.412538272631332,-0.228951860867286,-0.0012064462896644,-0.250901076915917,-0.217696857631115,-0.357690779704812,-0.0455007622385,-0.0863080482509479,-0.000148958241073097,-0.000460378476948843,-0.00244255013376999,-0.00485981000333197,-0.000886192444397132,-2.51868854622328E-05,0,0,-2.835044290307E-05,0,-0.000105808501622908,-0.000218599459615983,0,-1.01862758322259,-0.033960737171818,-1.6909185936331,-2.78153781523603,-0.161307775515774,0,-0.00820082006825256,-0.00311602502351887,0,0,0,0,0,0,0,0,-3.58932634353278E-05,0,0,0,-0.00098534708574855,-0.000109949301579561,0,0,0,0,0,0,0,0,0,0,0,0,0,0,0,0,0,0,0,0,0,-0.000812240933576071,0,0,0,0,0,0
-0.0105148997893237,-0.00212914308910153,-8.99777019065187E-05,-0.00121103606259887,-0.0345041493170347,-0.514627391034083,-0.146602191440347,-2.05327544754961,-2.97941059538553,30.2106923129953,-4.75195810998044,-0.00409423586403373,-0.0308664597948077,-0.857167545116037,-0.010203174583149,-3.48696889690554,-2.34922072808136,-1.38189687008991,-0.114158973732645,-0.264908724531319,-0.000643092564789422,-0.00187420584509454,-0.00561523038620575,-0.0222314017435544,-0.00444520607661946,-0.000350216584414149,0,0,-0.00034259300261099,-4.68546346690796E-05,-0.00299683211191314,-0.00249990222626641,-0.00128097593958066,-1.74339872890738,-0.765778058287667,-1.42942265474674,-6.28836759061532,-0.863880421288448,-3.99220674532434E-05,-0.0752267787980571,-0.00638090578593495,-1.64615549782206E-05,0,0,0,0,0,0,0,-3.21564054115275E-05,0,-0.000991835524474257,0,-9.87164049861994E-05,-0.000174181931863286,-0.000145406213465215,0,0,0,0,0,0,0,0,0,0,0,0,0,0,0,0,0,0,0,-0.000232783730030902,-0.000310226063947956,-3.03283982620797E-05,0,0,0,0,-3.00951064050102E-05
-0.00396396922530287,-0.00072462546904013,0,-0.00110158171763317,-0.000439234295730565,-0.00341284734430085,-0.0555030159833171,-2.04604384039082,-0.17757645222628,-4.75195810998044,10.4388152383081,-0.00567800651033936,-0.0127217197483033,-0.0489871054389545,-0.00662480129268887,-1.02468052954478,-0.29765685738429,-1.48978049354105,-0.0238506507282797,-0.251225691425273,-6.70690592237305E-05,0,0,-6.08139120524408E-05,0,0,0,0,0,0,-0.00133467018032328,-0.000834343954548981,-0.000260632784304208,-0.0281062501231167,-0.0355918940274083,-0.0362157928496625,-0.109876881126665,-0.0206183954166112,0,-0.00325582236645262,0,0,0,0,0,0,0,0,0,0,-0.000227701736890314,-0.000213401825367827,0,0,0,0,0,0,0,0,-0.000170102680928941,0,0,0,0,0,0,0,0,0,0,0,0,0,0,-5.19340177575758E-05,0,0,0,0,0,0,0
-0.282458016692916,-0.000740811370336591,-0.000725369828481696,-0.129017703721881,-0.277278917503571,-0.0529227312987133,-0.666796572018601,-0.332917107610996,-0.0213802228922199,-0.00409423586403373,-0.00567800651033936,6.60261964428844,-0.276141656682107,-0.0735549060204745,-0.0214334300349842,-0.000807148857075242,-0.000128673218247201,-0.00277214604663415,-0.000103431374929597,-0.00624293775797586,0,0,0,0,0,0,0,0,0,0,-2.11860737141745E-05,0,0,-0.0649650489932293,-0.00232568047856999,-2.79937880532323,-1.10541217245933,-0.00834906985333429,-0.217317781825067,-0.00516646791012375,0,-0.000584523559071985,0,0,-0.000447600815983957,-0.000171992782839332,0,-0.00123377071208812,-0.000334488600778034,0,-2.03063802898622E-05,0,-0.00872983140388511,-0.0158139450378411,-0.00263128331729069,-5.36119096892347E-05,0,0,0,0,-2.42501835368686E-05,0,0,0,0,0,0,0,0,0,0,0,0,0,-0.00140197567186274,-0.000373959528659628,-0.198840823088347,-0.00316917026204646,-0.000122082933510691,-0.0105357898795977,0,0,0
-0.0122767908455214,-0.000223689228810344,0,-0.0203582924788967,-0.0728057053019642,-0.251578232251252,-0.435261641181118,-0.884748457216825,-0.412538272631332,-0.0308664597948077,-0.0127217197483033,-0.276141656682107,7.1792388592807,-0.618149534664835,-0.109994258526474,-0.00130761576127962,-0.000895883797356145,-0.00420871916472969,-0.00111175952858603,-0.033238137785958,0,-3.17218627077782E-05,0,-0.000450403944311928,0,-0.000524408186456826,0,0,0,0,0,0,0,-0.071072462778323,-0.00634936708400794,-3.32848914098635,-0.292896573148317,-0.00503343542675799,-0.0250969034121128,-0.0111264338996469,0,0,0,0,-0.00010386805304725,-0.000364096738526742,-0.000603779665436041,-0.000940435446715769,-0.000712174886748759,-0.000684385286219661,0,0,-0.0149299033063651,-0.0083212872452306,-0.00297471783186313,-0.000147954217956357,0,0,0,0,0,0,0,0,0,0,0,0,0,0,0,0,0,0,-0.00015649449284299,-0.00179123064020305,-0.227155684311249,-0.000719327219773114,-5.01585139457386E-05,0,0,0,-8.56841054375888E-05
-0.00478616081012332,-0.000125014938533823,0,-0.00956905113819984,-0.000829631403875694,-0.00924259802278909,-0.025066153515629,-0.732444706288552,-0.228951860867286,-0.857167545116037,-0.0489871054389545,-0.0735549060204745,-0.618149534664835,8.5055479547271,-0.242449662753662,-0.339333670434066,-0.658153815120436,-0.415549888349695,-0.0208460462094735,-0.208630336573446,-0.000137821873102897,0,0,-0.000360924192376391,0,-0.000468597603180501,0,0,0,0,-0.00283912538644212,-0.00108370189790078,-0.000754593515886193,-0.0867017572530969,-0.559856001056695,-2.30288874223757,-0.626129882960974,-0.152909230605012,-0.0394210498741451,-0.0592697995766879,-0.0012206122171525,0,0,0,0,0,0,0,-8.80832033755509E-05,-8.15076146435334E-05,-0.000142700166048784,0,-0.000488201938262062,-0.00210605937085106,-0.0188871522444182,-0.00132638484118446,-0.000292178983095178,0,0,0,0,0,0,0,0,0,0,0,0,0,0,0,0,0,0,-0.0880875123907592,-0.0572735720470119,0,0,-0.008215852138877,-0.000115706663736602,0,-0.000563515208547632
-0.00116613315109497,0,0,-0.00229226517341958,-0.000364063822177839,-0.00224820916746488,-0.00080224366181173,-0.0103827468760736,-0.0012064462896644,-0.010203174583149,-0.00662480129268887,-0.0214334300349842,-0.109994258526474,-0.242449662753662,3.92173902792017,-0.0256488981967755,-0.169153891224663,-0.394004537043116,-0.0596745157666864,-0.768448782003136,-0.000797959585649433,-0.00144444493196762,-0.00436093116786173,-0.0751743247808992,-0.00181704362582045,-0.0312498978966854,0,0,-0.000530952890608937,-0.000547631502461381,-0.00834961973687833,-0.00148014334612351,-0.00297775785598149,-0.045731417522976,-0.360007856084932,-0.57614854482129,-0.0495390295617291,-0.00615566470759982,-0.000589902718721722,-0.744263335732816,-0.000131047350505837,0,0,0,0,0,-2.61988691950787E-05,-0.000331543064435024,-0.000678125857727217,0,0,0,0,-9.89080663769748E-05,-0.00283385428144916,-0.0273563514172638,0,-0.000408745751188158,-6.55703600816823E-05,0,-0.00100806590704488,0,0,0,-0.000119528618494773,0,-6.94502178549014E-05,0,0,0,0,0,-4.81028479110831E-05,0,-0.000861710988635204,-0.109602397887701,-0.0164008246323069,-0.000280696242456146,-0.000109701991696819,-5.83934442613532E-05,-0.0214745534812751,0,-0.00251073860426665
-0.00117777131656314,-0.000197654071687379,0,-9.24236305457848E-05,-0.00466019289307258,-0.0948568746706855,-0.0150156081890426,-0.218227635832821,-0.250901076915917,-3.48696889690554,-1.02468052954478,-0.000807148857075242,-0.00130761576127962,-0.339333670434066,-0.0256488981967755,11.7222461389789,-2.63046784981638,-0.762728780018198,-0.103203039321293,-0.175178638234447,-8.13662749867798E-05,-0.000548081228364577,-0.00161083029465103,-0.0161528879742944,-0.00192644207407958,-0.00061618987367964,0,0,-0.000303221486296519,-0.000212105402677807,-0.00468595691072563,-0.00582127264661099,-0.00314911253361925,-0.468026096888042,-0.217659029760338,-0.280809764124483,-1.34696494607011,-0.185566589470331,0,-0.0502806573655952,-0.0016911669515671,0,0,0,0,0,0,0,0,0,0,-0.000192411226196226,0,-4.54925783350779E-05,-0.00012897894274391,0,0,0,0,0,0,0,0,0,0,0,0,0,0,0,0,0,0,0,0,-0.000287682970067696,-3.15513208826172E-05,0,0,0,0,0,0
-0.00407219848802202,-0.000716828934037352,0,-0.000100139335572872,-0.017488983097458,-0.134474753600991,-0.030324727442034,-0.022577916560059,-0.217696857631115,-2.34922072808136,-0.29765685738429,-0.000128673218247201,-0.000895883797356145,-0.658153815120436,-0.169153891224663,-2.63046784981638,15.6137761971554,-2.36877590697867,-2.25811043261589,-0.482289197653272,-0.000198552414074451,-0.00684894141954317,-0.00914559808947133,-0.103919293836928,-0.0216512920431966,-0.0140160056605992,-2.58526076572881E-05,0,-0.00602456447294298,-0.00445386037764596,-0.306951755905397,-0.141349199651158,-0.0350764790251002,-0.829718661515209,-0.333455558994872,-0.577888971860199,-0.915552558077939,-0.119471553964286,0,-0.526035224803056,-0.008443129364845,0,0,0,0,0,0,0,0,0,0,0,0,0,-9.9443609386907E-05,-0.00161096185324918,0,-0.000105894927262798,-7.57333745805948E-05,0,0,0,0,0,0,0,0,0,0,0,0,0,0,0,-9.4360514044793E-05,-0.00533795227959922,-0.000863797155104629,0,0,0,-0.00115805866057068,0,-0.00189729971765749
-0.00892205239163234,-0.0013812920134352,0,-0.000634896509610376,-0.0058376438920145,-0.0302038714762152,-0.0754608900568965,-0.281816261650863,-0.357690779704812,-1.38189687008991,-1.48978049354105,-0.00277214604663415,-0.00420871916472969,-0.415549888349695,-0.394004537043116,-0.762728780018198,-2.36877590697867,24.6689748209031,-2.09044229132953,-9.81637255470408,-0.785881395193147,-1.32899098291198,-0.728013748020417,-0.290680517101498,-0.157271856827654,-0.0127958540921293,-2.48667099893572E-05,0,-0.0147147958483717,-0.00638780070045997,-0.174943736618449,-0.0573106915863629,-0.0618721580147238,-0.590960144988251,-0.0674564457550313,-0.085134361833097,-0.644858055635823,-0.0584324130333428,-1.54843015077705E-05,-0.111832895258019,-0.000680031741613279,0,0,0,0,0,0,0,0,0,0,-0.000195618091179271,0,0,0,-0.00113291765876911,0,-7.72176817821329E-05,0,0,0,-0.000221454505273752,0,0,0,0,0,0,0,0,0,0,0,0,0,-6.94800412379392E-05,-0.000347343313419716,0,0,0,0,0,-0.000192678478540346
-0.000421994678274746,-0.00020759116332874,0,-1.92411178065061E-05,-0.00291104674322162,-0.0253836365867372,-0.00916537575640928,-0.0025814442023373,-0.0455007622385,-0.114158973732645,-0.0238506507282797,-0.000103431374929597,-0.00111175952858603,-0.0208460462094735,-0.0596745157666864,-0.103203039321293,-2.25811043261589,-2.09044229132953,17.8470277153253,-1.9202054948159,-0.0686217718340145,-0.531711953036243,-1.97885096234523,-1.19669928384196,-1.56675872742764,-0.205404343989194,-0.00196222394663366,-0.000610897297590583,-0.639511655140702,-0.343497721474469,-0.798633304285888,-0.667077017034008,-0.312285063622927,-1.60128822795079,-0.029976403621219,-0.00573600158526438,-0.214684161965323,-0.00758491939020665,0,-0.989042670649934,-0.00828488234503781,0,0,0,0,0,0,0,0,0,0,0,0,0,0,-0.000121333774765856,0,-6.52060165741286E-05,-2.33341807959517E-05,0,0,0,0,0,0,0,0,0,0,0,0,0,0,0,0,-0.000357060712768958,-4.75186003134045E-05,0,0,0,0,0,-0.000293341345936715
-0.00163874355536931,-0.000450883466548945,0,-0.00120685030134904,-0.00254269245197057,-0.0156299706586631,-0.0293904348311654,-0.0805484089708421,-0.0863080482509479,-0.264908724531319,-0.251225691425273,-0.00624293775797586,-0.033238137785958,-0.208630336573446,-0.768448782003136,-0.175178638234447,-0.482289197653272,-9.81637255470408,-1.9202054948159,16.9088390014818,-0.115744299963978,-0.29870882428553,-0.926044119468534,-0.349362489885806,-0.0690839515708767,-0.0259027690281307,0,0,-0.0077104799493561,-0.00302695128861522,-0.0414221305704597,-0.00855064172499793,-0.0085714774045623,-0.0978494374283745,-0.057808972381344,-0.0601957197299429,-0.083266195894104,-0.00828969406903992,-0.000353928093648961,-0.600259632192282,-0.000408455002687215,0,0,0,0,0,0,0,-7.04225208838057E-05,0,0,0,0,-3.45208505937586E-05,-7.05990003945732E-05,-0.000723142702252145,0,0,-0.000183392053758511,0,0,0,0,0,0,0,0,0,0,0,0,0,0,0,-3.73792745104317E-05,-0.000308311964757335,-3.63377469085723E-05,0,0,0,0,0,-0.000358197463786358
0,0,0,0,0,0,-4.73747301013146E-05,0,-0.000148958241073097,-0.000643092564789422,-6.70690592237305E-05,0,0,-0.000137821873102897,-0.000797959585649433,-8.13662749867798E-05,-0.000198552414074451,-0.785881395193147,-0.0686217718340145,-0.115744299963978,2.50234653083033,-0.630724754196084,-0.82312767316002,-0.0590823543561552,-0.0144794897994599,-0.000511966659188396,0,0,-0.000482892501274446,0,-5.3839879450959E-05,0,-4.71369268115614E-05,-0.000511155270737796,0,0,-3.22447559613643E-05,0,0,-0.000478943586487313,-3.58932173759566E-05,0,0,0,0,0,0,0,0,0,0,0,0,0,0,0,0,0,0,0,0,-0.000198933905004949,-0.000209590882173622,0,0,0,0,0,0,0,0,0,0,0,0,0,0,0,0,0,0,0,0
0,0,0,0,-0.000126853781984945,-0.000348847126173148,-0.000392218867324254,0,-0.000460378476948843,-0.00187420584509454,0,0,-3.17218627077782E-05,0,-0.00144444493196762,-0.000548081228364577,-0.00684894141954317,-1.32899098291198,-0.531711953036243,-0.29870882428553,-0.630724754196084,7.84237700145314,-4.02779373935436,-0.696420401682115,-0.287404096786275,-0.00100351872795843,0,0,-0.0111701444300576,-0.00236516896201764,-0.00220363200159573,-0.00076810354836486,-0.000238030219280464,-0.00476846018611146,0,0,-0.00178452215107037,-3.45208389743488E-05,0,-0.00329708667589773,-9.42317483284118E-05,0,0,0,0,0,0,0,0,0,0,0,0,0,0,0,0,0,0,0,0,-0.00038663361216826,0,-0.000230139008261088,-0.000202363550363084,0,0,0,0,0,0,0,0,0,0,0,0,0,0,0,0,0,0
0,0,0,0,-0.00025011123699492,-0.00103387430073467,-0.000454565540307832,0,-0.00244255013376999,-0.00561523038620575,0,0,0,0,-0.00436093116786173,-0.00161083029465103,-0.00914559808947133,-0.728013748020417,-1.97885096234523,-0.926044119468534,-0.82312767316002,-4.02779373935436,16.0704011777684,-3.14824297383887,-3.63533768981121,-0.0633484775922236,-0.000110642515028097,-3.37272648638107E-05,-0.291601833048554,-0.119704342803566,-0.0678854670055284,-0.0174034432969612,-0.00241490945518458,-0.076776306007583,-0.000679840012467099,-0.000119924727439948,-0.0089754094184281,-0.000234745416837755,0,-0.127426945502729,-0.00112303032390238,0,0,0,0,0,0,0,0,0,0,0,0,0,0,0,0,0,0,0,0,-0.000167672622931676,0,0,-6.98636055789992E-05,0,0,0,0,0,0,0,0,0,0,0,0,0,0,0,0,0,0
-0.000139152525496823,-0.000153113259855302,0,0,-0.00295477505487818,-0.00943339909277561,-0.00178173477897881,-5.58857029400305E-05,-0.00485981000333197,-0.0222314017435544,-6.08139120524408E-05,0,-0.000450403944311928,-0.000360924192376391,-0.0751743247808992,-0.0161528879742944,-0.103919293836928,-0.290680517101498,-1.19669928384196,-0.349362489885806,-0.0590823543561552,-0.696420401682115,-3.14824297383887,7.41861411859994,-0.869395142960457,-0.107752291894835,-0.00045717707538223,-3.78615850591509E-05,-0.0995049070129598,-0.0551418886417745,-0.100663845142782,-0.00897985639965846,-0.000712203793067899,-0.0193261171278899,-0.00225492667434934,-5.62580346124386E-05,-0.0029727262878048,-0.00022864252974588,-1.65544361978533E-05,-0.169028934259698,-0.000427410287240703,0,0,0,0,0,0,0,0,0,0,0,0,0,0,-0.000213401584850431,0,0,0,0,-0.00017716373810882,-0.000617835653253099,0,-8.75902391193391E-05,-0.00130891378413755,0,0,0,0,0,0,0,0,0,0,-0.000535489878752058,-8.89173372991145E-05,0,0,0,-0.000314311678462157,0,-9.78090533630076E-05
0,0,0,0,-7.48455209250901E-05,-0.00110560502232346,0,0,-0.000886192444397132,-0.00444520607661946,0,0,0,0,-0.00181704362582045,-0.00192644207407958,-0.0216512920431966,-0.157271856827654,-1.56675872742764,-0.0690839515708767,-0.0144794897994599,-0.287404096786275,-3.63533768981121,-0.869395142960457,10.5286286567553,-0.208424577000613,-0.0373272620775873,-0.00902429072239074,-1.14989978137398,-0.907396137918679,-0.593587186208854,-0.317778621461526,-0.00322658141539562,-0.229878654218055,-0.001538488198539,-0.000239539953844356,-0.0150693016847917,-0.000165311084432775,0,-0.342639297629647,-0.0807960438160555,0,0,0,0,0,0,0,0,0,0,0,0,0,0,0,0,0,0,0,0,0,0,0,0,0,0,0,0,0,0,0,0,0,0,0,0,0,0,0,0,0,0
0,0,0,0,-3.44955001885231E-05,-0.000219497804969435,-4.1806196546215E-05,0,-2.51868854622328E-05,-0.000350216584414149,0,0,-0.000524408186456826,-0.000468597603180501,-0.0312498978966854,-0.00061618987367964,-0.0140160056605992,-0.0127958540921293,-0.205404343989194,-0.0259027690281307,-0.000511966659188396,-0.00100351872795843,-0.0633484775922236,-0.107752291894835,-0.208424577000613,1.68189314344323,-0.10036682424908,-0.000152429677033094,-0.147585709566671,-0.133623090649037,-0.151180506965662,-0.0488905830111921,-0.000459344346406554,-0.0106492522381866,-0.02920086830423,-0.000706696022009416,-0.000541775593164472,-0.00212642699277207,-0.00304301264215748,-0.373743548311525,-0.00563347286920667,0,0,0,0,0,0,0,0,0,0,0,0,0,0,0,0,0,0,0,0,0,0,0,0,0,0,0,0,0,0,0,0,0,0,-0.000102956900429913,0,0,0,0,0,0,-0.00119654392801637
0,0,0,0,0,0,0,0,0,0,0,0,0,0,0,0,-2.58526076572881E-05,-2.48667099893572E-05,-0.00196222394663366,0,0,0,-0.000110642515028097,-0.00045717707538223,-0.0373272620775873,-0.10036682424908,0.473665406843536,-0.00588293604972661,-0.0596668529097542,-0.0218225272391772,-0.00180975399247941,-0.0243099017616223,-0.000122460134135234,-0.0516377477777578,-9.46539262490847E-05,0,-0.00161321038360731,0,-9.31514564791967E-05,-0.147874644453059,-0.0184627175781314,0,0,0,0,0,0,0,0,0,0,0,0,0,0,0,0,0,0,0,0,0,0,0,0,0,0,0,0,0,0,0,0,0,0,0,0,0,0,0,0,0,0
0,0,0,0,0,0,0,0,0,0,0,0,0,0,0,0,0,0,-0.000610897297590583,0,0,0,-3.37272648638107E-05,-3.78615850591509E-05,-0.00902429072239074,-0.000152429677033094,-0.00588293604972661,0.249745842730847,-0.0155722861173341,-0.0102842360447789,-0.00157588200880882,-0.0370418799388102,0,-0.0984522799066534,0,0,-0.00578526824599479,-0.000226803710410312,0,-0.00946316981556909,-0.0556018943458232,0,0,0,0,0,0,0,0,0,0,0,0,0,0,0,0,0,0,0,0,0,0,0,0,0,0,0,0,0,0,0,0,0,0,0,0,0,0,0,0,0,0
-6.88616665662424E-05,0,0,-2.16152764985815E-05,0,-0.000130277100357097,-0.000156395371213305,-2.21037436022146E-05,-2.835044290307E-05,-0.00034259300261099,0,0,0,0,-0.000530952890608937,-0.000303221486296519,-0.00602456447294298,-0.0147147958483717,-0.639511655140702,-0.0077104799493561,-0.000482892501274446,-0.0111701444300576,-0.291601833048554,-0.0995049070129598,-1.14989978137398,-0.147585709566671,-0.0596668529097542,-0.0155722861173341,9.04328813997774,-3.38566365740821,-1.30542014214368,-0.609763945176643,-0.00343574165140982,-0.46508747776133,-0.00215594376879301,0,-0.0200567531755727,-0.000512463648804202,0,-0.398559879129965,-0.407581862760712,0,0,0,0,0,0,0,0,0,0,0,0,0,0,0,0,0,0,0,0,0,0,0,0,0,0,0,0,0,0,0,0,0,0,0,0,0,0,0,0,0,0
-2.88380429519262E-05,0,0,0,0,0,0,0,0,-4.68546346690796E-05,0,0,0,0,-0.000547631502461381,-0.000212105402677807,-0.00445386037764596,-0.00638780070045997,-0.343497721474469,-0.00302695128861522,0,-0.00236516896201764,-0.119704342803566,-0.0551418886417745,-0.907396137918679,-0.133623090649037,-0.0218225272391772,-0.0102842360447789,-3.38566365740821,7.66000863490332,-0.833190401253462,-0.830217371907947,-0.00968837821339361,-0.374443719045187,-0.00173337364378598,-0.000135288256678179,-0.0143198112692994,-0.000315882783295535,0,-0.467807327136101,-0.133954268302978,0,0,0,0,0,0,0,0,0,0,0,0,0,0,0,0,0,0,0,0,0,0,0,0,0,0,0,0,0,0,0,0,0,0,0,0,0,0,0,0,0,0
0,0,0,-2.47617827968341E-05,-2.91242886180582E-05,-0.000794471671944365,-1.92096319119809E-05,-2.57392380268514E-05,-0.000105808501622908,-0.00299683211191314,-0.00133467018032328,-2.11860737141745E-05,0,-0.00283912538644212,-0.00834961973687833,-0.00468595691072563,-0.306951755905397,-0.174943736618449,-0.798633304285888,-0.0414221305704597,-5.3839879450959E-05,-0.00220363200159573,-0.0678854670055284,-0.100663845142782,-0.593587186208854,-0.151180506965662,-0.00180975399247941,-0.00157588200880882,-1.30542014214368,-0.833190401253462,6.80757255638693,-0.860184641506649,-0.130735076266245,-0.398059269821046,-0.0164602973145075,-0.0023334049800148,-0.0364856550942387,-0.00330680617792363,0,-0.949089864506627,-0.00998017014585183,0,0,0,0,0,0,0,0,0,0,0,0,0,0,-0.00014288940758691,0,0,0,0,0,0,0,0,0,0,0,0,0,0,0,0,0,0,0,-4.6391668815722E-05,0,0,0,0,0,0,0
0,0,0,0,0,-3.18078153470121E-05,0,0,-0.000218599459615983,-0.00249990222626641,-0.000834343954548981,0,0,-0.00108370189790078,-0.00148014334612351,-0.00582127264661099,-0.141349199651158,-0.0573106915863629,-0.667077017034008,-0.00855064172499793,0,-0.00076810354836486,-0.0174034432969612,-0.00897985639965846,-0.317778621461526,-0.0488905830111921,-0.0243099017616223,-0.0370418799388102,-0.609763945176643,-0.830217371907947,-0.860184641506649,6.05727626609953,-0.432318527492972,-0.643946418481021,-0.0502529510125555,-0.00177931397593958,-0.0843346790018552,-0.0124559477323204,0,-1.08803263207638,-0.10189066667499,0,0,0,0,0,0,0,0,0,0,0,0,0,0,-6.66880270647843E-05,0,0,0,0,0,0,0,0,0,0,0,0,0,0,0,0,0,0,0,0,0,0,0,0,0,0,-0.000602772272117223
0,0,0,0,0,-0.000395334632208398,-3.48281649653901E-05,0,0,-0.00128097593958066,-0.000260632784304208,0,0,-0.000754593515886193,-0.00297775785598149,-0.00314911253361925,-0.0350764790251002,-0.0618721580147238,-0.312285063622927,-0.0085714774045623,-4.71369268115614E-05,-0.000238030219280464,-0.00241490945518458,-0.000712203793067899,-0.00322658141539562,-0.000459344346406554,-0.000122460134135234,0,-0.00343574165140982,-0.00968837821339361,-0.130735076266245,-0.432318527492972,1.38513409764186,-0.0432477857584797,-0.0937910213036846,-0.00754942201524815,-0.0818015321991795,-0.0158778536564798,0,-0.123796892857765,-0.00792408288073054,0,0,0,0,0,0,0,0,0,0,0,0,0,0,-7.77290606892608E-05,0,0,0,0,0,0,0,0,0,0,0,0,0,0,0,0,0,0,0,-0.000409110313150713,-3.93861988210636E-05,0,0,0,-4.75185929745683E-05,0,-0.000514959396495667
-0.290707150620942,-0.0109140928092926,0,-0.015807871387349,-0.0950358285624031,-0.635454926090097,-0.674684336546997,-0.187861838650446,-1.01862758322259,-1.74339872890738,-0.0281062501231167,-0.0649650489932293,-0.071072462778323,-0.0867017572530969,-0.045731417522976,-0.468026096888042,-0.829718661515209,-0.590960144988251,-1.60128822795079,-0.0978494374283745,-0.000511155270737796,-0.00476846018611146,-0.076776306007583,-0.0193261171278899,-0.229878654218055,-0.0106492522381866,-0.0516377477777578,-0.0984522799066534,-0.46508747776133,-0.374443719045187,-0.398059269821046,-0.643946418481021,-0.0432477857584797,20.2953476583618,-0.846173592521729,-0.345424777671288,-4.72137271160057,-0.188467787753004,-0.0116278093825019,-1.4633592841064,-1.72292470995064,0,0,0,0,0,0,0,-3.02502126519143E-05,0,-3.08870830483607E-05,-3.74986724644011E-05,0,-9.62056732609391E-05,-3.53526978167209E-05,-0.00252967450376468,0,0,0,0,0,0,0,0,0,0,0,0,0,0,0,0,0,0,-0.00027602224695742,-0.00952688298485233,-0.00321363972557106,-9.50922560005899E-05,0,-0.000104870675240272,-0.000143376768826856,0,-0.00618072603628165
-0.00094750884586046,-2.29240037139034E-05,0,-0.000626613653910867,-0.000268057460637015,-0.00967699743971748,-0.00216196208059044,-0.0124087428398232,-0.033960737171818,-0.765778058287667,-0.0355918940274083,-0.00232568047856999,-0.00634936708400794,-0.559856001056695,-0.360007856084932,-0.217659029760338,-0.333455558994872,-0.0674564457550313,-0.029976403621219,-0.057808972381344,0,0,-0.000679840012467099,-0.00225492667434934,-0.001538488198539,-0.02920086830423,-9.46539262490847E-05,0,-0.00215594376879301,-0.00173337364378598,-0.0164602973145075,-0.0502529510125555,-0.0937910213036846,-0.846173592521729,15.0169830799536,-1.27553679544346,-1.08689394544898,-0.542806758519437,-0.331903747771399,-3.51514734844522,-0.323890183016353,0,0,0,-0.00092778287027601,0,0,0,0,-2.72322216699751E-05,0,0,-0.000987966664736485,-0.00119267042116309,-0.0576728020104048,-0.0471519840446013,-7.87865999817222E-05,-0.001697714502952,-0.000703734340130804,0,0,0,0,0,0,0,0,0,0,0,0,0,-0.000195073354729829,0,-0.00218195879422796,-1.95185747760637,-0.0996054784931805,-0.0011753055139604,-0.0181555806835171,-0.0477283357573651,-0.0226601672968161,-0.000358907257794434,-2.14577057516585
-0.707909904777606,-0.000797857520413881,-0.00127854356204595,-0.755741112363628,-0.137017547298609,-0.640161949184577,-1.30083809892119,-1.28610318464117,-1.6909185936331,-1.42942265474674,-0.0362157928496625,-2.79937880532323,-3.32848914098635,-2.30288874223757,-0.57614854482129,-0.280809764124483,-0.577888971860199,-0.085134361833097,-0.00573600158526438,-0.0601957197299429,0,0,-0.000119924727439948,-5.62580346124386E-05,-0.000239539953844356,-0.000706696022009416,0,0,0,-0.000135288256678179,-0.0023334049800148,-0.00177931397593958,-0.00754942201524815,-0.345424777671288,-1.27553679544346,35.4190171657393,-3.47004424498002,-3.01797150520778,-0.130637626856593,-0.626096375888294,-0.184092519985594,-0.0012070741606699,0,0,-0.00145572992813169,-0.00216154019310364,-0.00266244187139314,-0.0068782443577658,-0.000975491767472048,-0.00324757076038539,-0.000654783650040468,0,-0.217043378373076,-0.330085938894215,-0.116835070605362,-0.0201531258347912,-0.0000519340221406,-0.00067546937083658,-0.000597716113361491,-0.000116722443891785,-1.61223847391294E-05,0,0,0,0,0,0,0,0,0,0,0,-0.000200154970865855,0,-0.0033584836106979,-0.287522420794966,-7.08532907243217,-0.0177607088115937,-0.00275712676638701,-0.193316239634653,-0.00372155266889891,-0.00015323198444185,-0.054280833334291
-3.26454989201977,-0.0115249331514464,-0.00305506331066439,-0.917815902446499,-0.204329713808038,-1.61449166448686,-2.73591043643814,-0.911599147993557,-2.78153781523603,-6.28836759061532,-0.109876881126665,-1.10541217245933,-0.292896573148317,-0.626129882960974,-0.0495390295617291,-1.34696494607011,-0.915552558077939,-0.644858055635823,-0.214684161965323,-0.083266195894104,-3.22447559613643E-05,-0.00178452215107037,-0.0089754094184281,-0.0029727262878048,-0.0150693016847917,-0.000541775593164472,-0.00161321038360731,-0.00578526824599479,-0.0200567531755727,-0.0143198112692994,-0.0364856550942387,-0.0843346790018552,-0.0818015321991795,-4.72137271160057,-1.08689394544898,-3.47004424498002,34.9953483009123,-0.587568388544779,-0.08288458857199,-0.265326418417818,-0.335828522950908,0,0,0,0,0,0,-0.000133947487433447,0,0,0,0,-0.00514731810505967,-0.000395891613471279,-0.000273298873623843,-0.000489116502901559,0,0,0,0,0,0,0,0,0,0,0,0,0,0,0,0,0,0,0,-0.00270533153171159,-0.0268593435015456,-0.00057770790661916,-0.000739070475967429,-0.00136556419848988,-0.00012486265615104,-5.35940295570298E-05,-0.0104289278471083
-0.00680763938668138,-7.29011820761419E-05,0,-0.00161105175828852,-0.0017038719763539,-0.117398047252624,-0.016487867889032,-0.0453683801298191,-0.161307775515774,-0.863880421288448,-0.0206183954166112,-0.00834906985333429,-0.00503343542675799,-0.152909230605012,-0.00615566470759982,-0.185566589470331,-0.119471553964286,-0.0584324130333428,-0.00758491939020665,-0.00828969406903992,0,-3.45208389743488E-05,-0.000234745416837755,-0.00022864252974588,-0.000165311084432775,-0.00212642699277207,0,-0.000226803710410312,-0.000512463648804202,-0.000315882783295535,-0.00330680617792363,-0.0124559477323204,-0.0158778536564798,-0.188467787753004,-0.542806758519437,-3.01797150520778,-0.587568388544779,7.42153632220486,-0.168000093041345,-0.654778162169209,-0.195791690857718,0,0,0,0,0,0,0,0,0,0,0,-0.0001401442848453,0,0,0,0,0,0,0,0,0,0,0,0,0,0,0,0,0,0,0,0,0,0,-0.0502371384384601,-0.0101683320094859,-0.000190636675744414,-0.0668978716263549,-0.0440785166487058,-0.00116912580766328,-0.000551524001776228,-0.0701843197309459
-0.201693598804768,-9.46539553681469E-05,-0.000128840345178537,-0.134734644356596,-0.00476436275995245,-0.000838222325157091,-0.0106193655700515,-0.00164259146643286,0,-3.99220674532434E-05,0,-0.217317781825067,-0.0250969034121128,-0.0394210498741451,-0.000589902718721722,0,0,-1.54843015077705E-05,0,-0.000353928093648961,0,0,0,-1.65544361978533E-05,0,-0.00304301264215748,-9.31514564791967E-05,0,0,0,0,0,0,-0.0116278093825019,-0.331903747771399,-0.130637626856593,-0.08288458857199,-0.168000093041345,2.12396388489996,-0.271668324058153,-0.0753247763500613,-7.028194397661E-05,0,0,-0.00144584839334803,0,0,-5.64283000170294E-05,0,0,0,0,-0.0250539451438091,-0.00118734111728153,-0.0177449738770953,-0.000816611674955664,0,0,0,0,-0.0000418434620940001,0,0,0,0,0,-7.15676104257791E-05,0,0,0,0,0,0,0,-0.000139339136525254,-0.0501741325243933,-0.0763232828684512,-0.00101069968021516,-0.0185772240820579,-0.0363633513570805,-0.00278849612006931,-0.00143238082323573,-0.178115200341885
-0.000224907561745679,-7.87812553830437E-05,0,-0.000674092386648079,-0.000788452869127876,-0.0113235810274319,-0.000708763137831144,-0.00207931884947933,-0.00820082006825256,-0.0752267787980571,-0.00325582236645262,-0.00516646791012375,-0.0111264338996469,-0.0592697995766879,-0.744263335732816,-0.0502806573655952,-0.526035224803056,-0.111832895258019,-0.989042670649934,-0.600259632192282,-0.000478943586487313,-0.00329708667589773,-0.127426945502729,-0.169028934259698,-0.342639297629647,-0.373743548311525,-0.147874644453059,-0.00946316981556909,-0.398559879129965,-0.467807327136101,-0.949089864506627,-1.08803263207638,-0.123796892857765,-1.4633592841064,-3.51514734844522,-0.626096375888294,-0.265326418417818,-0.654778162169209,-0.271668324058153,14.7132569511471,-0.19456440057757,0,0,0,-6.11306644245094E-05,0,0,-1.75442245996526E-05,0,0,0,0,0,0,0,-0.0166448889471602,0,-6.96031869422789E-05,0,-3.04859308756985E-05,-6.44894578550416E-05,0,0,0,0,0,0,0,0,0,0,0,-3.97867276225256E-05,0,-0.00124636866991497,-0.0902371134047065,-0.0102223174035412,-0.000302064117909581,-0.000970720283593722,-0.00100789008731543,-0.0260568147425191,0,-0.174267817985463
-0.00567690934109908,0,0,-0.000167672668618863,0,-0.00149609216683317,-7.62002964629906E-05,-0.000173744492134088,-0.00311602502351887,-0.00638090578593495,0,0,0,-0.0012206122171525,-0.000131047350505837,-0.0016911669515671,-0.008443129364845,-0.000680031741613279,-0.00828488234503781,-0.000408455002687215,-3.58932173759566E-05,-9.42317483284118E-05,-0.00112303032390238,-0.000427410287240703,-0.0807960438160555,-0.00563347286920667,-0.0184627175781314,-0.0556018943458232,-0.407581862760712,-0.133954268302978,-0.00998017014585183,-0.10189066667499,-0.00792408288073054,-1.72292470995064,-0.323890183016353,-0.184092519985594,-0.335828522950908,-0.195791690857718,-0.0753247763500613,-0.19456440057757,3.95143857902837,0,0,0,-0.000208782475154063,0,0,0,0,0,0,0,0,0,0,0,0,0,0,0,0,0,0,0,0,0,0,0,0,0,0,0,0,0,0,-0.00222283713328514,-8.59511268574107E-05,0,-0.00129979063119192,-0.00154178999824484,-0.000202993003656091,-0.000571379090682247,-0.0514356321811141
0,0,0,0,0,0,0,0,0,-1.64615549782206E-05,0,-0.000584523559071985,0,0,0,0,0,0,0,0,0,0,0,0,0,0,0,0,0,0,0,0,0,0,0,-0.0012070741606699,0,0,-7.028194397661E-05,0,0,11.4567664869831,-0.26928518891871,-0.0125410774109138,-1.40865022301053,-1.99763941969423,-0.0857465233083234,-2.66147986740562,-0.384172845429402,-0.174429601357776,-0.0294766303437148,-0.00608381638072525,-0.485115293589819,-0.00729199778942282,-0.00456988191012024,-0.00100472159828914,-0.00264552325569245,-0.00563127319993459,-0.0255453941296883,-0.0011128554107433,-0.0144796100551492,0,-0.000225604547454009,-4.06597741234877E-05,-0.000699442478535416,-2.88443990611445E-05,0,0,0,0,0,0,-0.00088886192219738,-9.00091520881637E-05,-0.184877374459251,-0.00109098053810677,-0.745034653238622,-2.6250230477357,-0.00844165564905958,-0.300524419519977,-0.00117569591920586,-0.00984515223219889,0
0,0,0,0,0,0,0,0,0,0,0,0,0,0,0,0,0,0,0,0,0,0,0,0,0,0,0,0,0,0,0,0,0,0,0,0,0,0,0,0,0,-0.26928518891871,1.20868748694227,-5.92782134455154E-05,-0.00434685342856197,-0.426865280174031,-0.0126994376408601,-0.458239517041699,-0.0023355521844048,-0.0155680087164583,-0.0031510361345448,-4.58479869318749E-05,-0.00297393001795108,-6.27651803369572E-05,-0.000124564196147885,-8.94429126397606E-05,-0.000140007019106744,-0.00107455209633456,-0.000928049468996436,-0.000106444797160155,-0.000439423768638265,0,-1.85127485229914E-05,0,-0.000115458976655448,0,-1.88396309217689E-05,0,0,0,0,0,-0.000249374718419977,0,-0.00254446352351148,-0.000142390661955093,-0.00158694893103431,-0.00531437378861305,-2.52954687508849E-05,-5.86854180259817E-05,-7.7963178903826E-05,0,0
0,0,0,0,0,0,0,0,0,0,0,0,0,0,0,0,0,0,0,0,0,0,0,0,0,0,0,0,0,0,0,0,0,0,0,0,0,0,0,0,0,-0.0125410774109138,-5.92782134455154E-05,0.120604416710196,-0.0690566926831628,-0.000899954534257176,-0.000124642203944112,-0.00858508747268809,-0.0194873154217542,-0.000209744331467745,0,-0.00011889270264812,-0.00505299149210479,-2.37592854790606E-05,-0.000263046469671621,0,0,0,0,0,0,0,0,0,0,0,0,0,0,0,0,0,0,0,-0.000157193166092327,0,-0.000610739983236994,-0.00313433091319893,0,-0.000279670426131258,0,0,0
0,0,0,0,0,0,0,0,0,0,0,-0.000447600815983957,-0.00010386805304725,0,0,0,0,0,0,0,0,0,0,0,0,0,0,0,0,0,0,0,0,0,-0.00092778287027601,-0.00145572992813169,0,0,-0.00144584839334803,-6.11306644245094E-05,-0.000208782475154063,-1.40865022301053,-0.00434685342856197,-0.0690566926831628,6.23019217357975,-0.178727997907039,-0.0110208315943194,-1.33616533406482,-0.807510596667001,-0.0219215101971017,-0.0023901212081235,-0.00332883239362595,-0.30749517759959,-0.017958613856783,-0.00898919775567043,-0.00249514765031078,-0.000860356510123792,-0.000537979101063251,-0.00341085774734537,-0.000270439595662466,-0.00289600494128769,0,-3.02113523999414E-05,0,-1.86896429315416E-05,-1.74659053606787E-05,0,0,0,0,0,0,-2.12243857424716E-05,0,-0.0284476315489865,-0.00530386307188481,-0.900069311826867,-0.922226650408224,-0.00432904119018371,-0.172332315930225,-0.00148787596395499,-0.0018569084312555,-0.00136747280924294
0,0,0,0,-7.70908911172342E-05,0,0,0,0,0,0,-0.000171992782839332,-0.000364096738526742,0,0,0,0,0,0,0,0,0,0,0,0,0,0,0,0,0,0,0,0,0,0,-0.00216154019310364,0,0,0,0,0,-1.99763941969423,-0.426865280174031,-0.000899954534257176,-0.178727997907039,7.99218135666721,-1.21654309858733,-2.86392006606124,-0.324705032061144,-0.11597636996704,-0.0437618916707476,-0.000389341538375086,-0.379464214056293,-0.0383252745783507,-0.000842021663093038,-0.000777233613644788,-0.00579297155698936,-0.0256265874058474,-0.00787542201043346,-0.00136201028090024,-0.00315978101940679,0,0,-6.06453100137318E-05,-0.00204936201669395,-0.000129773047185954,-4.54496382739712E-05,0,0,-0.000102097170297471,0,0,-0.00189502911292764,-0.000312506193147263,-0.0798115897940778,-0.00188527570120322,-0.114497156747766,-0.147900622506424,-0.0013917901414129,-0.00191640970837553,-0.00475496059343487,0,0
0,0,0,0,-6.48774665039558E-05,0,-2.86270494973512E-05,0,0,0,0,0,-0.000603779665436041,0,-2.61988691950787E-05,0,0,0,0,0,0,0,0,0,0,0,0,0,0,0,0,0,0,0,0,-0.00266244187139314,0,0,0,0,0,-0.0857465233083234,-0.0126994376408601,-0.000124642203944112,-0.0110208315943194,-1.21654309858733,6.24683168697781,-0.93682901387346,-0.327067568005555,-0.254098561258937,-0.625011783262132,-0.00114948596627734,-0.0937052272554112,-0.16322713750739,-0.00468555386521365,-0.00321685989987592,-0.107174680210024,-0.214665770192167,-0.0167877166218531,-0.00771324677882364,-0.00723493556178121,-0.000144261655077949,-0.000695706980782274,-0.000117724159085481,-0.00950657307569501,-0.00135854192810572,-0.000581358825559067,0,0,-0.000153534449190785,-2.72322289007943E-05,-0.000468287042384952,-0.0174465569775016,-0.000545485862543045,-0.541346740316715,-0.0156434959841375,-0.510360126909281,-0.97566664606453,-0.0442346132503485,-0.0011445970348481,-0.0348805350585552,-0.000343292759715405,-7.83778991507626E-05
-4.46277136545946E-05,0,0,0,-0.000111609730033218,-3.28769858106708E-05,-2.89804726244793E-05,0,0,0,0,-0.00123377071208812,-0.000940435446715769,0,-0.000331543064435024,0,0,0,0,0,0,0,0,0,0,0,0,0,0,0,0,0,0,0,0,-0.0068782443577658,-0.000133947487433447,0,-5.64283000170294E-05,-1.75442245996526E-05,0,-2.66147986740562,-0.458239517041699,-0.00858508747268809,-1.33616533406482,-2.86392006606124,-0.93682901387346,20.0158002185283,-3.66648540614653,-1.90921340554959,-0.139083319497521,-0.0308531629550701,-1.28980703262001,-0.493965232548001,-0.0280620875292749,-0.00353163280209728,-0.0143534515388573,-0.0251804261970579,-0.0782471769856809,-0.00789554805256894,-0.0461109614001573,-0.000153452694233784,-0.00103441209810662,-0.000663832901522187,-0.00307973407671807,-0.000174941378062252,-0.000178207217559194,0,0,-8.16848009701542E-05,0,-0.000335714364732797,-0.00171088138171234,-8.92177262179209E-05,-0.73022213264833,-0.00833010458638925,-1.36429838979319,-1.841306068544,-0.0320041879831283,-0.0188525378918866,-0.00524777800856366,-0.000219202195807959,0
0,0,0,0,0,0,0,0,0,0,0,-0.000334488600778034,-0.000712174886748759,-8.80832033755509E-05,-0.000678125857727217,0,0,0,0,-7.04225208838057E-05,0,0,0,0,0,0,0,0,0,0,0,0,0,-3.02502126519143E-05,0,-0.000975491767472048,0,0,0,0,0,-0.384172845429402,-0.0023355521844048,-0.0194873154217542,-0.807510596667001,-0.324705032061144,-0.327067568005555,-3.66648540614653,19.3380612553103,-2.56726561790319,-1.87706105272986,-2.11987755654763,-1.10536792338862,-1.88061614656375,-0.765029756221797,-0.0120901498846755,-0.126571813333384,-0.00643780738279981,-0.162501779697928,-0.00185104293274695,-0.0881688672740459,-0.000104503847787013,-4.71037149164607E-05,-0.000321572989858905,-0.000285161872036569,-2.59096939874396E-05,-4.4082979928494E-05,0,0,0,0,0,-0.000142117078833963,0,-0.232378550968491,-0.0309208612493015,-1.79864010070733,-0.989731786441064,-0.0344010841887149,-0.00265982056626607,-0.000663100945813856,-6.25977963411189E-05,-0.000140033443826646
0,0,0,0,0,-7.38364087833567E-05,-0.000164569377405201,0,-3.58932634353278E-05,-3.21564054115275E-05,0,0,-0.000684385286219661,-8.15076146435334E-05,0,0,0,0,0,0,0,0,0,0,0,0,0,0,0,0,0,0,0,0,-2.72322216699751E-05,-0.00324757076038539,0,0,0,0,0,-0.174429601357776,-0.0155680087164583,-0.000209744331467745,-0.0219215101971017,-0.11597636996704,-0.254098561258937,-1.90921340554959,-2.56726561790319,17.6151788895496,-2.96938898459369,-0.228437600829217,-0.0837874562692622,-0.772103435069151,-0.287789881654102,-0.00595487355006438,-0.229059106397758,-0.099262192927974,-0.370984683250596,-0.0441161978139664,-0.155608592500621,-0.000502918180025703,-0.00472595516211601,-0.00676827624770777,-0.0268987408193781,-0.00359934571249579,-0.00188094898442891,0,0,-0.000243462931724889,0,-0.0016815481685285,-0.00596032657773634,-3.2603004832325E-05,-0.769981824177778,-0.140277984072726,-2.59370056779172,-3.53621927970574,-0.182250977207273,-0.00139782216580645,-0.0273980342166533,-0.00202109353945781,-0.000114205407536708
0,0,0,0,0,0,0,0,0,0,-0.000227701736890314,-2.03063802898622E-05,0,-0.000142700166048784,0,0,0,0,0,0,0,0,0,0,0,0,0,0,0,0,0,0,0,-3.08870830483607E-05,0,-0.000654783650040468,0,0,0,0,0,-0.0294766303437148,-0.0031510361345448,0,-0.0023901212081235,-0.0437618916707476,-0.625011783262132,-0.139083319497521,-1.87706105272986,-2.96938898459369,30.3623279710256,-4.42239167932132,-0.0111351414314696,-0.0522024987610646,-0.9392534610834,-0.0163721643810917,-3.14082920320821,-1.74141552026352,-1.62974609587953,-0.0790786718130201,-0.386702863462858,-0.0013282269895081,-0.00507516059332313,-0.00660182879019698,-0.0447346620764064,-0.0064060377429907,-0.00544463421237625,0,0,-0.00119248387650847,-9.15067624261118E-05,-0.00625120460635756,-0.0249279743280366,-0.00137979584642413,-1.99847373250492,-1.58006796005005,-1.72269649885702,-6.00161745682637,-0.779710609561337,-0.000238016233628184,-0.0640623583721314,-0.00249932473342119,0
0,0,0,0,0,0,0,0,0,-0.000991835524474257,-0.000213401825367827,0,0,0,0,-0.000192411226196226,0,-0.000195618091179271,0,0,0,0,0,0,0,0,0,0,0,0,0,0,0,-3.74986724644011E-05,0,0,0,0,0,0,0,-0.00608381638072525,-4.58479869318749E-05,-0.00011889270264812,-0.00332883239362595,-0.000389341538375086,-0.00114948596627734,-0.0308531629550701,-2.11987755654763,-0.228437600829217,-4.42239167932132,9.44618768294733,-0.0183509651632155,-0.039096699777805,-0.0924953511937961,-0.00538394237756742,-0.90167706499398,-0.164193663804261,-0.841644332353394,-0.00156230210219432,-0.288584661254247,0,0,0,0,0,0,0,0,0,0,0,-0.000785056486134404,0,-0.0205180199516381,-0.0888297917453979,-0.0457786740624575,-0.0998827941639063,-0.0229670362055841,-3.38658388825885E-05,-9.6479511364105E-05,0,0
-0.000444597869758953,0,0,-0.000671012190885651,-0.000305797039440449,0,-0.000620784743486802,-0.000192046705873853,0,0,0,-0.00872983140388511,-0.0149299033063651,-0.000488201938262062,0,0,0,0,0,0,0,0,0,0,0,0,0,0,0,0,0,0,0,0,-0.000987966664736485,-0.217043378373076,-0.00514731810505967,-0.0001401442848453,-0.0250539451438091,0,0,-0.485115293589819,-0.00297393001795108,-0.00505299149210479,-0.30749517759959,-0.379464214056293,-0.0937052272554112,-1.28980703262001,-1.10536792338862,-0.0837874562692622,-0.0111351414314696,-0.0183509651632155,10.1082904306449,-0.65331661655158,-0.285409963960765,-0.0936502044555475,-0.00188186574461799,-0.00122759575991363,-0.00982589910639428,-0.00076360835831794,-0.01596160018427,0,-2.07369086737324E-05,0,-0.000318162225314666,0,-0.000213446762410011,0,0,0,0,0,-6.91320616218126E-05,0,-0.205953197039949,-0.00521465222220118,-3.22239582965831,-1.34271243479345,-0.0168731654705528,-0.18573508838227,-0.00935047890073244,-0.00028019575074955,-0.000106275693998113
0,0,0,0,-4.60278111200482E-05,-0.000428750792331835,-0.00112206609220793,-0.000104123447113325,-0.00098534708574855,-9.87164049861994E-05,0,-0.0158139450378411,-0.0083212872452306,-0.00210605937085106,-9.89080663769748E-05,-4.54925783350779E-05,0,0,0,-3.45208505937586E-05,0,0,0,0,0,0,0,0,0,0,0,0,0,-9.62056732609391E-05,-0.00119267042116309,-0.330085938894215,-0.000395891613471279,0,-0.00118734111728153,0,0,-0.00729199778942282,-6.27651803369572E-05,-2.37592854790606E-05,-0.017958613856783,-0.0383252745783507,-0.16322713750739,-0.493965232548001,-1.88061614656375,-0.772103435069151,-0.0522024987610646,-0.039096699777805,-0.65331661655158,9.99775413529876,-0.761678257612467,-0.108765199829137,-0.00456398609486671,-0.00102467310228934,-0.00882091880293168,-0.000523103113665868,-0.0202478494580641,0,0,-0.000127001850617612,-2.11479128325137E-05,0,-0.000230959933942042,0,0,0,0,0,-2.70439952706222E-05,0,-0.100746704062537,-0.0106022066463876,-4.00520291431259,-0.444519694145738,-0.0101672468917882,-0.0321368146760257,-0.00793990376336458,0,-5.50391230063859E-05
0,0,0,0,0,0,0,0,-0.000109949301579561,-0.000174181931863286,0,-0.00263128331729069,-0.00297471783186313,-0.0188871522444182,-0.00283385428144916,-0.00012897894274391,-9.9443609386907E-05,0,0,-7.05990003945732E-05,0,0,0,0,0,0,0,0,0,0,0,0,0,-3.53526978167209E-05,-0.0576728020104048,-0.116835070605362,-0.000273298873623843,0,-0.0177449738770953,0,0,-0.00456988191012024,-0.000124564196147885,-0.000263046469671621,-0.00898919775567043,-0.000842021663093038,-0.00468555386521365,-0.0280620875292749,-0.765029756221797,-0.287789881654102,-0.9392534610834,-0.0924953511937961,-0.285409963960765,-0.761678257612467,10.2575905983391,-0.338211939763227,-0.40082467009618,-0.562731212863797,-0.538840985007402,-0.00437320102972734,-0.226240901965737,0,0,0,-0.000122508613959242,0,-0.000174232830658975,0,0,0,0,0,-0.00227960601896585,0,-0.0734415894169233,-0.9450231435516,-2.91335633113939,-0.615955445909726,-0.182983407155276,-0.017602189319042,-0.0351123763678535,-0.000207357304808918,-0.000444816344031395
0,0,0,-1.59471472761689E-05,0,0,0,-1.9995051365086E-05,0,-0.000145406213465215,0,-5.36119096892347E-05,-0.000147954217956357,-0.00132638484118446,-0.0273563514172638,0,-0.00161096185324918,-0.00113291765876911,-0.000121333774765856,-0.000723142702252145,0,0,0,-0.000213401584850431,0,0,0,0,0,0,-0.00014288940758691,-6.66880270647843E-05,-7.77290606892608E-05,-0.00252967450376468,-0.0471519840446013,-0.0201531258347912,-0.000489116502901559,0,-0.000816611674955664,-0.0166448889471602,0,-0.00100472159828914,-8.94429126397606E-05,0,-0.00249514765031078,-0.000777233613644788,-0.00321685989987592,-0.00353163280209728,-0.0120901498846755,-0.00595487355006438,-0.0163721643810917,-0.00538394237756742,-0.0936502044555475,-0.108765199829137,-0.338211939763227,5.65618070522986,-0.0443312164901326,-0.245808418861494,-0.742383350193537,-0.0688279680867134,-1.18505179192135,-0.00478486941361852,-0.00696852779142511,-0.0195872085910035,-0.135326321273581,-0.00682078967893991,-0.080950191495004,0,0,-0.000379149893290454,-0.000279974686957224,-0.00133692555519015,-0.0208634417918815,-0.00140829295915206,-0.0723303746611839,-0.776699050644072,-0.556635591224383,-0.0723784080722223,-0.0309595511285352,-0.00241138289863307,-0.8599734874942,-0.00011200698734002,-0.00708878434224396
0,0,0,0,0,0,0,0,0,0,0,0,0,-0.000292178983095178,0,0,0,0,0,0,0,0,0,0,0,0,0,0,0,0,0,0,0,0,-7.87865999817222E-05,-0.0000519340221406,0,0,0,0,0,-0.00264552325569245,-0.000140007019106744,0,-0.000860356510123792,-0.00579297155698936,-0.107174680210024,-0.0143534515388573,-0.126571813333384,-0.229059106397758,-3.14082920320821,-0.90167706499398,-0.00188186574461799,-0.00456398609486671,-0.40082467009618,-0.0443312164901326,11.9598942126037,-2.19638270565065,-1.00061962786315,-0.0487849392596691,-0.213009687543981,-0.00035791990542446,-0.00232192872476071,-0.00494317339446936,-0.0139230355345683,-0.00255097236656264,-0.000826604046042441,-3.68511673247787E-05,0,-0.000866951877942181,-8.08206264256373E-05,-0.00256604173495708,-0.0147038506755172,-0.00145647749299243,-1.02745475290971,-0.512249389440126,-0.335688365283524,-1.37037637690016,-0.207506632460509,0,-0.0216865608490185,-0.000371730841069334,0
0,0,0,0,0,0,0,0,0,0,0,0,0,0,-0.000408745751188158,0,-0.000105894927262798,-7.72176817821329E-05,-6.52060165741286E-05,0,0,0,0,0,0,0,0,0,0,0,0,0,0,0,-0.001697714502952,-0.00067546937083658,0,0,0,-6.96031869422789E-05,0,-0.00563127319993459,-0.00107455209633456,0,-0.000537979101063251,-0.0256265874058474,-0.214665770192167,-0.0251804261970579,-0.00643780738279981,-0.099262192927974,-1.74141552026352,-0.164193663804261,-0.00122759575991363,-0.00102467310228934,-0.562731212863797,-0.245808418861494,-2.19638270565065,13.1455518448251,-2.76287213733529,-1.43231514521406,-0.437300318832788,-0.00107382828849926,-0.0144674708717598,-0.0179745663898932,-0.077399716407022,-0.0381245022548496,-0.0145268837602202,-0.000509453801003716,-0.000224134944052377,-0.0197789843687407,-0.0054487336204915,-0.0979415976877037,-0.268334859481725,-0.010132727171963,-1.02032804143579,-0.394081063687692,-0.521907316743135,-0.380019033420518,-0.0925686199298147,-1.88699111558766E-05,-0.242764837917278,-0.000975024992182509,-0.000163746110827855
0,0,0,0,0,0,0,0,0,0,0,0,0,0,-6.55703600816823E-05,0,-7.57333745805948E-05,0,-2.33341807959517E-05,-0.000183392053758511,0,0,0,0,0,0,0,0,0,0,0,0,0,0,-0.000703734340130804,-0.000597716113361491,0,0,0,0,0,-0.0255453941296883,-0.000928049468996436,0,-0.00341085774734537,-0.00787542201043346,-0.0167877166218531,-0.0782471769856809,-0.162501779697928,-0.370984683250596,-1.62974609587953,-0.841644332353394,-0.00982589910639428,-0.00882091880293168,-0.538840985007402,-0.742383350193537,-1.00061962786315,-2.76287213733529,25.7350678105328,-1.49145045971786,-9.23313443209293,-1.05564270315856,-1.31519806072415,-0.586429841246825,-0.268023606708966,-0.120969379734477,-0.00446204687966305,-6.0113226908151E-05,0,-0.0132465307754923,-0.00203398996076812,-0.0739856736212749,-0.429980003139395,-0.0405245905568586,-1.36424954433625,-0.42868365092747,-0.113896776487535,-0.738090529724992,-0.185829221778848,-1.74399534466724E-05,-0.0655526226045057,-0.000922686298785714,0
0,0,0,0,0,0,0,0,0,0,0,0,0,0,0,0,0,0,0,0,0,0,0,0,0,0,0,0,0,0,0,0,0,0,0,-0.000116722443891785,0,0,0,-3.04859308756985E-05,0,-0.0011128554107433,-0.000106444797160155,0,-0.000270439595662466,-0.00136201028090024,-0.00771324677882364,-0.00789554805256894,-0.00185104293274695,-0.0441161978139664,-0.0790786718130201,-0.00156230210219432,-0.00076360835831794,-0.000523103113665868,-0.00437320102972734,-0.0688279680867134,-0.0487849392596691,-1.43231514521406,-1.49145045971786,14.7122276765659,-1.6042761998623,-0.202289603848257,-0.865046957660367,-1.74684055626124,-1.10491649179444,-1.31320369038662,-0.107885662656554,-0.00514909896451662,-0.00183655919173317,-0.430254873878231,-0.0900163388744634,-0.391332416375584,-1.4180854572392,-0.201049771916209,-1.00319403536228,-0.0599270425407357,-0.00185599588286726,-0.266265526586152,-0.0133285926148365,0,-0.68426625187574,-0.00871210077314888,-0.000240059287877816
0,0,0,0,0,0,-1.95944747876907E-05,0,0,0,-0.000170102680928941,-2.42501835368686E-05,0,0,-0.00100806590704488,0,0,0,0,0,0,0,0,-0.00017716373810882,0,0,0,0,0,0,0,0,0,0,0,-1.61223847391294E-05,0,0,-0.0000418434620940001,-6.44894578550416E-05,0,-0.0144796100551492,-0.000439423768638265,0,-0.00289600494128769,-0.00315978101940679,-0.00723493556178121,-0.0461109614001573,-0.0881688672740459,-0.155608592500621,-0.386702863462858,-0.288584661254247,-0.01596160018427,-0.0202478494580641,-0.226240901965737,-1.18505179192135,-0.213009687543981,-0.437300318832788,-9.23313443209293,-1.6042761998623,16.2620933679178,-0.151670864775977,-0.309959754607995,-0.499345362708176,-0.339305740932939,-0.0574688925705887,-0.0260285208761425,-0.000271573624343267,-2.11860693377614E-05,-0.00908013348507094,-0.00311522211003127,-0.0202258184114515,-0.0669035882275575,-0.00637851369462231,-0.133667980455103,-0.115538083691577,-0.0498566427581629,-0.106516691990912,-0.0243443435883591,-0.000463765911585575,-0.410355309870453,-8.5725835833739E-05,-0.00135953633290509
0,0,0,0,0,0,0,0,0,0,0,0,0,0,0,0,0,-0.000221454505273752,0,0,-0.000198933905004949,-0.00038663361216826,-0.000167672622931676,-0.000617835653253099,0,0,0,0,0,0,0,0,0,0,0,0,0,0,0,0,0,0,0,0,0,0,-0.000144261655077949,-0.000153452694233784,-0.000104503847787013,-0.000502918180025703,-0.0013282269895081,0,0,0,0,-0.00478486941361852,-0.00035791990542446,-0.00107382828849926,-1.05564270315856,-0.202289603848257,-0.151670864775977,3.43637138573751,-0.89412763913893,-1.00639700551218,-0.0863773196978179,-0.0213929248791753,-0.000232079949822061,0,0,-0.000404757161413917,0,-0.000385487020301932,-0.000767981239158982,-0.001484923107106,-0.000947891733782607,-0.00038588588812867,0,-0.000594221743991164,-5.51037022125407E-05,0,-0.00317248190787764,0,0
0,0,0,0,0,0,0,0,0,0,0,0,0,0,0,0,0,0,0,0,-0.000209590882173622,0,0,0,0,0,0,0,0,0,0,0,0,0,0,0,0,0,0,0,0,-0.000225604547454009,-1.85127485229914E-05,0,-3.02113523999414E-05,0,-0.000695706980782274,-0.00103441209810662,-4.71037149164607E-05,-0.00472595516211601,-0.00507516059332313,0,-2.07369086737324E-05,0,0,-0.00696852779142511,-0.00232192872476071,-0.0144674708717598,-1.31519806072415,-0.865046957660367,-0.309959754607995,-0.89412763913893,9.64075068080162,-4.63457175245913,-1.05202756215192,-0.47171990131588,-0.00369707728302963,-2.45545705142281E-05,0,-0.0153954275960875,-0.00468530545898295,-0.00993436283654786,-0.00294861704910076,-0.00127899385240851,-0.00663067117240044,-0.00100600840580563,0,-0.00411834228519835,-0.00022577599943126,0,-0.0122168757487194,-9.61181085989838E-05,0
0,0,0,0,0,0,0,0,0,0,0,0,0,0,0,0,0,0,0,0,0,-0.000230139008261088,0,-8.75902391193391E-05,0,0,0,0,0,0,0,0,0,0,0,0,0,0,0,0,0,-4.06597741234877E-05,0,0,0,-6.06453100137318E-05,-0.000117724159085481,-0.000663832901522187,-0.000321572989858905,-0.00676827624770777,-0.00660182879019698,0,0,-0.000127001850617612,0,-0.0195872085910035,-0.00494317339446936,-0.0179745663898932,-0.586429841246825,-1.74684055626124,-0.499345362708176,-1.00639700551218,-4.63457175245913,15.8793924447932,-3.39154581189299,-3.04531828806456,-0.062110005549381,-0.00253770615966406,-0.000379334353242556,-0.212095653157631,-0.0892920921316074,-0.178800663755345,-0.0444884461256275,-0.0100438038267284,-0.0859285139599993,-0.00249179469690072,0,-0.0303996539573543,-0.00063779543943292,0,-0.19014182727519,-0.00207231661415695,0
0,0,0,0,0,0,0,0,0,0,0,0,0,0,-0.000119528618494773,0,0,0,0,0,0,-0.000202363550363084,-6.98636055789992E-05,-0.00130891378413755,0,0,0,0,0,0,0,0,0,0,0,0,0,0,0,0,0,-0.000699442478535416,-0.000115458976655448,0,-1.86896429315416E-05,-0.00204936201669395,-0.00950657307569501,-0.00307973407671807,-0.000285161872036569,-0.0268987408193781,-0.0447346620764064,0,-0.000318162225314666,-2.11479128325137E-05,-0.000122508613959242,-0.135326321273581,-0.0139230355345683,-0.077399716407022,-0.268023606708966,-1.10491649179444,-0.339305740932939,-0.0863773196978179,-1.05202756215192,-3.39154581189299,8.51925441217964,-1.16435658815974,-0.118766635346357,-0.00033233626851986,-0.000340572105141503,-0.159474360320129,-0.0413772514630015,-0.16622116521612,-0.0581386503313025,-0.00294236465641862,-0.032030905354782,-0.00255330323863872,-0.000187821855311587,-0.00766556871577266,-0.000196755207641425,0,-0.204693797680209,-0.000458973655845622,-0.0011214428647339
0,0,0,0,0,0,0,0,0,0,0,0,0,0,0,0,0,0,0,0,0,0,0,0,0,0,0,0,0,0,0,0,0,0,0,0,0,0,0,0,0,-2.88443990611445E-05,0,0,-1.74659053606787E-05,-0.000129773047185954,-0.00135854192810572,-0.000174941378062252,-2.59096939874396E-05,-0.00359934571249579,-0.0064060377429907,0,0,0,0,-0.00682078967893991,-0.00255097236656264,-0.0381245022548496,-0.120969379734477,-1.31320369038662,-0.0574688925705887,-0.0213929248791753,-0.47171990131588,-3.04531828806456,-1.16435658815974,11.4542291692261,-0.183023592558241,-0.0551387437979328,-0.0385479372431177,-1.50221177808689,-0.914842684083849,-1.26065767133318,-0.499610005884674,-0.0123311490960859,-0.138908361308787,-0.00398164047422755,0,-0.0311972546266337,-0.000642688185639901,0,-0.449435425621696,-0.109862956666919,-0.000170491039539328
0,0,0,0,0,0,0,0,0,0,0,0,0,0,-6.94502178549014E-05,0,0,0,0,0,0,0,0,0,0,0,0,0,0,0,0,0,0,0,0,0,0,0,-7.15676104257791E-05,0,0,0,-1.88396309217689E-05,0,0,-4.54496382739712E-05,-0.000581358825559067,-0.000178207217559194,-4.4082979928494E-05,-0.00188094898442891,-0.00544463421237625,0,-0.000213446762410011,-0.000230959933942042,-0.000174232830658975,-0.080950191495004,-0.000826604046042441,-0.0145268837602202,-0.00446204687966305,-0.107885662656554,-0.0260285208761425,-0.000232079949822061,-0.00369707728302963,-0.062110005549381,-0.118766635346357,-0.183023592558241,1.67897547362231,-0.136872743575122,-0.00271928068176136,-0.133080908715206,-0.0641154968137433,-0.153036803025292,-0.0949992697358131,-0.00274305389494151,-0.0111724837929546,-0.0066592452528441,-0.000202084915898994,-0.00171541658616238,-0.000165761498938131,0,-0.448499141988312,-0.00452168383559377,-0.00700962006492782
0,0,0,0,0,0,0,0,0,0,0,0,0,0,0,0,0,0,0,0,0,0,0,0,0,0,0,0,0,0,0,0,0,0,0,0,0,0,0,0,0,0,0,0,0,0,0,0,0,0,0,0,0,0,0,0,-3.68511673247787E-05,-0.000509453801003716,-6.0113226908151E-05,-0.00514909896451662,-0.000271573624343267,0,-2.45545705142281E-05,-0.00253770615966406,-0.00033233626851986,-0.0551387437979328,-0.136872743575122,0.951182849858664,-0.0342043793394259,-0.0718082443945395,-0.0322911669345196,-0.0228503817035886,-0.0981916597575312,-0.00192025255578739,-0.115266599831004,-0.00031345486650587,0,-0.0173308180091506,-8.09454161525323E-05,0,-0.245044031018421,-0.110738149940474,-0.00020959093571475
0,0,0,0,0,0,0,0,0,0,0,0,0,0,0,0,0,0,0,0,0,0,0,0,0,0,0,0,0,0,0,0,0,0,0,0,0,0,0,0,0,0,0,0,0,0,0,0,0,0,0,0,0,0,0,0,0,-0.000224134944052377,0,-0.00183655919173317,-2.11860693377614E-05,0,0,-0.000379334353242556,-0.000340572105141503,-0.0385479372431177,-0.00271928068176136,-0.0342043793394259,0.816812914137854,-0.0308468577781828,-0.028512266073083,-0.0126954950281407,-0.114217710272541,-0.000964379689498405,-0.135564461788416,-9.0111992072983E-05,0,-0.0256992571776881,0,0,-0.0604970947442172,-0.329451895666201,0
0,0,0,0,0,0,0,0,0,0,0,0,0,0,0,0,0,0,0,0,0,0,0,0,0,0,0,0,0,0,0,0,0,0,0,0,0,0,0,0,0,0,0,0,0,-0.000102097170297471,-0.000153534449190785,-8.16848009701542E-05,0,-0.000243462931724889,-0.00119248387650847,0,0,0,0,-0.000379149893290454,-0.000866951877942181,-0.0197789843687407,-0.0132465307754923,-0.430254873878231,-0.00908013348507094,-0.000404757161413917,-0.0153954275960875,-0.212095653157631,-0.159474360320129,-1.50221177808689,-0.133080908715206,-0.0718082443945395,-0.0308468577781828,8.19561337290592,-2.37102170781229,-1.72644066342129,-0.545344138783003,-0.00844605177238499,-0.206234317561916,-0.00158373194554151,-5.67501665912064E-05,-0.0273924762620967,-7.98441400864426E-05,0,-0.442271894137646,-0.266043922185531,0
0,0,0,0,0,0,0,0,0,0,0,0,0,0,0,0,0,0,0,0,0,0,0,0,0,0,0,0,0,0,0,0,0,0,0,0,0,0,0,0,0,0,0,0,0,0,-2.72322289007943E-05,0,0,0,-9.15067624261118E-05,0,0,0,0,-0.000279974686957224,-8.08206264256373E-05,-0.0054487336204915,-0.00203398996076812,-0.0900163388744634,-0.00311522211003127,0,-0.00468530545898295,-0.0892920921316074,-0.0413772514630015,-0.914842684083849,-0.0641154968137433,-0.0322911669345196,-0.028512266073083,-2.37102170781229,5.36668737091402,-0.550125127641138,-0.636651598327494,-0.010849700558812,-0.110926477388124,-0.00174710330289228,0,-0.0140911496806519,-8.32500388218745E-05,0,-0.302096133156252,-0.0928286128420604,-5.64283362381799E-05
0,0,0,0,0,0,0,0,0,0,0,0,0,0,0,0,0,0,0,0,0,0,0,0,0,0,0,0,0,0,0,0,0,0,0,0,0,0,0,0,0,0,0,0,0,0,-0.000468287042384952,-0.000335714364732797,0,-0.0016815481685285,-0.00625120460635756,0,0,0,0,-0.00133692555519015,-0.00256604173495708,-0.0979415976877037,-0.0739856736212749,-0.391332416375584,-0.0202258184114515,-0.000385487020301932,-0.00993436283654786,-0.178800663755345,-0.16622116521612,-1.26065767133318,-0.153036803025292,-0.0228503817035886,-0.0126954950281407,-1.72644066342129,-0.550125127641138,6.80239867372247,-0.867333000371573,-0.113960207832536,-0.306377260429375,-0.0127860471022555,0,-0.032358846392534,-0.00264440272039944,0,-0.769520243036863,-0.019402669222647,-0.00074294806516944
0,0,0,0,0,0,0,0,0,0,0,0,0,0,-4.81028479110831E-05,0,0,0,0,0,0,0,0,0,0,0,0,0,0,0,0,0,0,0,-0.000195073354729829,-0.000200154970865855,0,0,0,-3.97867276225256E-05,0,-0.00088886192219738,-0.000249374718419977,0,-2.12243857424716E-05,-0.00189502911292764,-0.0174465569775016,-0.00171088138171234,-0.000142117078833963,-0.00596032657773634,-0.0249279743280366,-0.000785056486134404,-6.91320616218126E-05,-2.70439952706222E-05,-0.00227960601896585,-0.0208634417918815,-0.0147038506755172,-0.268334859481725,-0.429980003139395,-1.4180854572392,-0.0669035882275575,-0.000767981239158982,-0.00294861704910076,-0.0444884461256275,-0.0581386503313025,-0.499610005884674,-0.0949992697358131,-0.0981916597575312,-0.114217710272541,-0.545344138783003,-0.636651598327494,-0.867333000371573,8.4140246010898,-0.4766596923619,-0.494386048588842,-0.172371885119728,-0.00486022603725386,-0.143824040365769,-0.0406209441378148,-4.69483568075117E-05,-1.7075127901684,-0.13099122028797,-0.00430222428598879
0,0,0,0,0,0,0,0,0,0,0,0,0,0,0,0,0,0,0,0,0,0,0,0,0,0,0,0,0,0,0,0,0,0,0,0,0,0,0,0,0,-9.00091520881637E-05,0,0,0,-0.000312506193147263,-0.000545485862543045,-8.92177262179209E-05,0,-3.2603004832325E-05,-0.00137979584642413,0,0,0,0,-0.00140829295915206,-0.00145647749299243,-0.010132727171963,-0.0405245905568586,-0.201049771916209,-0.00637851369462231,-0.001484923107106,-0.00127899385240851,-0.0100438038267284,-0.00294236465641862,-0.0123311490960859,-0.00274305389494151,-0.00192025255578739,-0.000964379689498405,-0.00844605177238499,-0.010849700558812,-0.113960207832536,-0.4766596923619,1.40212271741727,-0.0668559959442598,-0.131539602560729,-0.00162280439294038,-0.0907232462827394,-0.0358674656929738,-4.31510801871674E-05,-0.150651593170207,-0.0159764857207623,-0.0018178077908114
0,0,0,0,-3.7025517095873E-05,0,0,-3.70255215514331E-05,0,0,0,-0.00140197567186274,-0.00015649449284299,0,-0.000861710988635204,0,-9.4360514044793E-05,0,0,-3.73792745104317E-05,0,0,0,0,0,0,0,0,0,0,0,0,0,-0.00027602224695742,-0.00218195879422796,-0.0033584836106979,0,0,-0.000139339136525254,-0.00124636866991497,0,-0.184877374459251,-0.00254446352351148,-0.000157193166092327,-0.0284476315489865,-0.0798115897940778,-0.541346740316715,-0.73022213264833,-0.232378550968491,-0.769981824177778,-1.99847373250492,-0.0205180199516381,-0.205953197039949,-0.100746704062537,-0.0734415894169233,-0.0723303746611839,-1.02745475290971,-1.02032804143579,-1.36424954433625,-1.00319403536228,-0.133667980455103,-0.000947891733782607,-0.00663067117240044,-0.0859285139599993,-0.032030905354782,-0.138908361308787,-0.0111724837929546,-0.115266599831004,-0.135564461788416,-0.206234317561916,-0.110926477388124,-0.306377260429375,-0.494386048588842,-0.0668559959442598,17.5216967557847,-0.606930133373088,-0.280936604423074,-2.89173710160516,-0.215411891616455,-0.0290379776299469,-1.13161512342442,-1.04938043519054,-0.005463882489018
0,0,0,-4.33102855517099E-05,0,-9.48381054172371E-05,-8.09454480954099E-05,-3.79840938506459E-05,0,-0.000232783730030902,-5.19340177575758E-05,-0.000373959528659628,-0.00179123064020305,-0.0880875123907592,-0.109602397887701,-0.000287682970067696,-0.00533795227959922,-6.94800412379392E-05,-0.000357060712768958,-0.000308311964757335,0,0,0,-0.000535489878752058,0,-0.000102956900429913,0,0,0,0,-4.6391668815722E-05,0,-0.000409110313150713,-0.00952688298485233,-1.95185747760637,-0.287522420794966,-0.00270533153171159,-0.0502371384384601,-0.0501741325243933,-0.0902371134047065,-0.00222283713328514,-0.00109098053810677,-0.000142390661955093,0,-0.00530386307188481,-0.00188527570120322,-0.0156434959841375,-0.00833010458638925,-0.0309208612493015,-0.140277984072726,-1.58006796005005,-0.0888297917453979,-0.00521465222220118,-0.0106022066463876,-0.9450231435516,-0.776699050644072,-0.512249389440126,-0.394081063687692,-0.42868365092747,-0.0599270425407357,-0.115538083691577,-0.00038588588812867,-0.00100600840580563,-0.00249179469690072,-0.00255330323863872,-0.00398164047422755,-0.0066592452528441,-0.00031345486650587,-9.0111992072983E-05,-0.00158373194554151,-0.00174710330289228,-0.0127860471022555,-0.172371885119728,-0.131539602560729,-0.606930133373088,20.0536946007482,-1.69064095413735,-1.3648115797417,-0.836504205959937,-0.360801408813958,-3.62027670454964,-0.365156326775527,-3.0982178142614
-0.00259333435406886,0,0,-0.000930372015554393,-0.00167840136073209,-0.00168532714068677,-0.00386993321854634,-0.000628022004442188,-0.000812240933576071,-0.000310226063947956,0,-0.198840823088347,-0.227155684311249,-0.0572735720470119,-0.0164008246323069,-3.15513208826172E-05,-0.000863797155104629,-0.000347343313419716,-4.75186003134045E-05,-3.63377469085723E-05,0,0,0,-8.89173372991145E-05,0,0,0,0,0,0,0,0,-3.93861988210636E-05,-0.00321363972557106,-0.0996054784931805,-7.08532907243217,-0.0268593435015456,-0.0101683320094859,-0.0763232828684512,-0.0102223174035412,-8.59511268574107E-05,-0.745034653238622,-0.00158694893103431,-0.000610739983236994,-0.900069311826867,-0.114497156747766,-0.510360126909281,-1.36429838979319,-1.79864010070733,-2.59370056779172,-1.72269649885702,-0.0457786740624575,-3.22239582965831,-4.00520291431259,-2.91335633113939,-0.556635591224383,-0.335688365283524,-0.521907316743135,-0.113896776487535,-0.00185599588286726,-0.0498566427581629,0,0,0,-0.000187821855311587,0,-0.000202084915898994,0,0,-5.67501665912064E-05,0,0,-0.00486022603725386,-0.00162280439294038,-0.280936604423074,-1.69064095413735,37.7906395265799,-2.98122146205649,-2.99630963562952,-0.0933824875981448,-0.302056726802617,-0.0735733858918692,-0.0220786199304482
0,0,0,0,-3.1382580565703E-05,0,0,0,0,-3.03283982620797E-05,0,-0.00316917026204646,-0.000719327219773114,0,-0.000280696242456146,0,0,0,0,0,0,0,0,0,0,0,0,0,0,0,0,0,0,-9.50922560005899E-05,-0.0011753055139604,-0.0177607088115937,-0.00057770790661916,-0.000190636675744414,-0.00101069968021516,-0.000302064117909581,0,-2.6250230477357,-0.00531437378861305,-0.00313433091319893,-0.922226650408224,-0.147900622506424,-0.97566664606453,-1.841306068544,-0.989731786441064,-3.53621927970574,-6.00161745682637,-0.0998827941639063,-1.34271243479345,-0.444519694145738,-0.615955445909726,-0.0723784080722223,-1.37037637690016,-0.380019033420518,-0.738090529724992,-0.266265526586152,-0.106516691990912,-0.000594221743991164,-0.00411834228519835,-0.0303996539573543,-0.00766556871577266,-0.0311972546266337,-0.00171541658616238,-0.0173308180091506,-0.0256992571776881,-0.0273924762620967,-0.0140911496806519,-0.032358846392534,-0.143824040365769,-0.0907232462827394,-2.89173710160516,-1.3648115797417,-2.98122146205649,32.2470346552052,-0.32614608916641,-0.0953754231294479,-0.697474757480345,-0.947268519089535,-0.00568911254352374
-3.66784081282787E-05,0,0,0,0,0,0,0,0,0,0,-0.000122082933510691,-5.01585139457386E-05,0,-0.000109701991696819,0,0,0,0,0,0,0,0,0,0,0,0,0,0,0,0,0,0,0,-0.0181555806835171,-0.00275712676638701,-0.000739070475967429,-0.0668978716263549,-0.0185772240820579,-0.000970720283593722,-0.00129979063119192,-0.00844165564905958,-2.52954687508849E-05,0,-0.00432904119018371,-0.0013917901414129,-0.0442346132503485,-0.0320041879831283,-0.0344010841887149,-0.182250977207273,-0.779710609561337,-0.0229670362055841,-0.0168731654705528,-0.0101672468917882,-0.182983407155276,-0.0309595511285352,-0.207506632460509,-0.0925686199298147,-0.185829221778848,-0.0133285926148365,-0.0243443435883591,-5.51037022125407E-05,-0.00022577599943126,-0.00063779543943292,-0.000196755207641425,-0.000642688185639901,-0.000165761498938131,-8.09454161525323E-05,0,-7.98441400864426E-05,-8.32500388218745E-05,-0.00264440272039944,-0.0406209441378148,-0.0358674656929738,-0.215411891616455,-0.836504205959937,-2.99630963562952,-0.32614608916641,6.92362911700938,-0.154372026795846,-0.217777604496889,-0.0955412254173949,-0.0162326274867152
-0.000133414782858854,0,0,-0.000447600924509153,0,0,-0.000108676740353531,0,0,0,0,-0.0105357898795977,0,-0.008215852138877,-5.83934442613532E-05,0,0,0,0,0,0,0,0,0,0,0,0,0,0,0,0,0,0,-0.000104870675240272,-0.0477283357573651,-0.193316239634653,-0.00136556419848988,-0.0440785166487058,-0.0363633513570805,-0.00100789008731543,-0.00154178999824484,-0.300524419519977,-5.86854180259817E-05,-0.000279670426131258,-0.172332315930225,-0.00191640970837553,-0.0011445970348481,-0.0188525378918866,-0.00265982056626607,-0.00139782216580645,-0.000238016233628184,-3.38658388825885E-05,-0.18573508838227,-0.0321368146760257,-0.017602189319042,-0.00241138289863307,0,-1.88699111558766E-05,-1.74399534466724E-05,0,-0.000463765911585575,0,0,0,0,0,0,0,0,0,0,0,-4.69483568075117E-05,-4.31510801871674E-05,-0.0290379776299469,-0.360801408813958,-0.0933824875981448,-0.0953754231294479,-0.154372026795846,2.3156578132012,-0.250276044525175,-0.0705111162710467,-0.178981230946875
0,0,0,0,0,0,-2.23138519724651E-05,0,0,0,0,0,0,-0.000115706663736602,-0.0214745534812751,0,-0.00115805866057068,0,0,0,0,0,0,-0.000314311678462157,0,0,0,0,0,0,0,0,-4.75185929745683E-05,-0.000143376768826856,-0.0226601672968161,-0.00372155266889891,-0.00012486265615104,-0.00116912580766328,-0.00278849612006931,-0.0260568147425191,-0.000202993003656091,-0.00117569591920586,-7.7963178903826E-05,0,-0.00148787596395499,-0.00475496059343487,-0.0348805350585552,-0.00524777800856366,-0.000663100945813856,-0.0273980342166533,-0.0640623583721314,-9.6479511364105E-05,-0.00935047890073244,-0.00793990376336458,-0.0351123763678535,-0.8599734874942,-0.0216865608490185,-0.242764837917278,-0.0655526226045057,-0.68426625187574,-0.410355309870453,-0.00317248190787764,-0.0122168757487194,-0.19014182727519,-0.204693797680209,-0.449435425621696,-0.448499141988312,-0.245044031018421,-0.0604970947442172,-0.442271894137646,-0.302096133156252,-0.769520243036863,-1.7075127901684,-0.150651593170207,-1.13161512342442,-3.62027670454964,-0.302056726802617,-0.697474757480345,-0.217777604496889,-0.250276044525175,14.2340790999913,-0.307351924007952,-0.164650421644915
0,0,0,0,0,0,0,0,0,0,0,0,0,0,0,0,0,0,0,0,0,0,0,0,0,0,0,0,0,0,0,0,0,0,-0.000358907257794434,-0.00015323198444185,-5.35940295570298E-05,-0.000551524001776228,-0.00143238082323573,0,-0.000571379090682247,-0.00984515223219889,0,0,-0.0018569084312555,0,-0.000343292759715405,-0.000219202195807959,-6.25977963411189E-05,-0.00202109353945781,-0.00249932473342119,0,-0.00028019575074955,0,-0.000207357304808918,-0.00011200698734002,-0.000371730841069334,-0.000975024992182509,-0.000922686298785714,-0.00871210077314888,-8.5725835833739E-05,0,-9.61181085989838E-05,-0.00207231661415695,-0.000458973655845622,-0.109862956666919,-0.00452168383559377,-0.110738149940474,-0.329451895666201,-0.266043922185531,-0.0928286128420604,-0.019402669222647,-0.13099122028797,-0.0159764857207623,-1.04938043519054,-0.365156326775527,-0.0735733858918692,-0.947268519089535,-0.0955412254173949,-0.0705111162710467,-0.307351924007952,4.05958544676387,-0.0367220917136383
0,0,0,-0.000566502804351183,0,0,0,0,0,-3.00951064050102E-05,0,0,-8.56841054375888E-05,-0.000563515208547632,-0.00251073860426665,0,-0.00189729971765749,-0.000192678478540346,-0.000293341345936715,-0.000358197463786358,0,0,0,-9.78090533630076E-05,0,-0.00119654392801637,0,0,0,0,0,-0.000602772272117223,-0.000514959396495667,-0.00618072603628165,-2.14577057516585,-0.054280833334291,-0.0104289278471083,-0.0701843197309459,-0.178115200341885,-0.174267817985463,-0.0514356321811141,0,0,0,-0.00136747280924294,0,-7.83778991507626E-05,0,-0.000140033443826646,-0.000114205407536708,0,0,-0.000106275693998113,-5.50391230063859E-05,-0.000444816344031395,-0.00708878434224396,0,-0.000163746110827855,0,-0.000240059287877816,-0.00135953633290509,0,0,0,-0.0011214428647339,-0.000170491039539328,-0.00700962006492782,-0.00020959093571475,0,0,-5.64283362381799E-05,-0.00074294806516944,-0.00430222428598879,-0.0018178077908114,-0.005463882489018,-3.0982178142614,-0.0220786199304482,-0.00568911254352374,-0.0162326274867152,-0.178981230946875,-0.164650421644915,-0.0367220917136383,6.25419887130217
